{"cameraMode":{"drawMode":0,"name":"Shaded","section":"Shading Mode"},"sceneLighting":true,"audioPlay":false,"sceneViewState":{"m_AlwaysRefresh":false,"showFog":true,"showSkybox":true,"showFlares":true,"showImageEffects":true,"showParticleSystems":true,"showVisualEffectGraphs":true,"m_FxEnabled":false},"in2DMode":false,"pivot":{"x":0.47752952575683596,"y":-2.3442630767822267,"z":-1.6058368682861329},"rotation":{"x":-0.29531046748161318,"y":0.45392632484436037,"z":-0.16251875460147859,"w":-0.8248236775398254},"size":22.676692962646486,"orthographic":false}